{
    "pixels_per_cm": 30.436260109655997,
    "reference_length_cm": 29.8,
    "is_calibrated": true,
    "calibration_date": "2026-02-16T21:44:39.541028"
}