{
    "pixels_per_cm": 3.973025126570618,
    "reference_length_cm": 116.0,
    "is_calibrated": true,
    "calibration_date": "2026-03-05T22:43:19.483300"
}