{
    "pixels_per_cm": 30.43640810059316,
    "reference_length_cm": 29.8,
    "is_calibrated": true,
    "calibration_date": "2026-02-11T14:41:23.576574"
}